"ID","Pokemon","Family","Shadow","Little_Rank","Master_Rank","Ultra_Rank","Great_Rank","Little_IVs","Master_IVs","Ultra_IVs","Great_IVs","Little_Level","Master_Level","Ultra_Level","Great_Level","Little_CP","Master_CP","Ultra_CP","Great_CP","Little_MoveSet","Master_MoveSet","Ultra_MoveSet","Great_MoveSet","Evo_Fam","Evo_Next"
"3","Venusaur","Bulbasaur","FALSE",,"25",,,,"15/15/15",,,,"50",,,,"3075",,,,"Vine Whip, Frenzy Plant*, Sludge",,,"1;2;3","3"
"3","Venusaur (Shadow)","Bulbasaur","TRUE",,"58",,,,"15/15/15",,,,"50",,,,"3075",,,,"Vine Whip, Frenzy Plant*, Sludge",,,"1;2;3","3"
"6","Charizard","Charmander","FALSE",,"126",,,,"15/15/15",,,,"50",,,,"3266",,,,"Dragon Breath*, Blast Burn*, Air Cutter",,,"4;5;6","6"
"6","Charizard (Shadow)","Charmander","TRUE",,"129",,,,"15/15/15",,,,"50",,,,"3266",,,,"Dragon Breath*, Blast Burn*, Air Cutter",,,"4;5;6","6"
"9","Blastoise","Squirtle","FALSE",,"114",,,,"15/15/15",,,,"50",,,,"2788",,,,"Rollout, Hydro Cannon*, Ice Beam",,,"7;8;9","9"
"9","Blastoise (Shadow)","Squirtle","TRUE",,"139",,,,"15/15/15",,,,"50",,,,"2788",,,,"Rollout, Hydro Cannon*, Ice Beam",,,"7;8;9","9"
"59","Arcanine","Growlithe","FALSE",,"226",,,,"15/15/15",,,,"50",,,,"3425",,,,"Snarl, Wild Charge, Crunch",,,"58;59","59"
"59","Arcanine (Hisuian)","Growlithe","FALSE",,"254",,,,"15/15/15",,,,"50",,,,"3556",,,,"Snarl, Wild Charge, Rock Slide",,,"58;59","59"
"59","Arcanine (Shadow)","Growlithe","TRUE",,"237",,,,"15/15/15",,,,"50",,,,"3425",,,,"Snarl, Wild Charge, Crunch",,,"58;59","59"
"62","Poliwrath","Poliwag","FALSE",,"183",,,,"15/15/15",,,,"50",,,,"2923",,,,"Counter*, Scald, Icy Wind",,,"60;61;62","62"
"62","Poliwrath (Shadow)","Poliwag","TRUE",,"208",,,,"15/15/15",,,,"50",,,,"2923",,,,"Counter*, Scald, Icy Wind",,,"60;61;62","62"
"65","Alakazam","Abra","FALSE",,"262",,,,"15/15/15",,,,"50",,,,"3456",,,,"Counter*, Fire Punch, Shadow Ball",,,"63;64;65","65"
"65","Alakazam (Shadow)","Abra","TRUE",,"259",,,,"15/15/15",,,,"50",,,,"3456",,,,"Counter*, Fire Punch, Shadow Ball",,,"63;64;65","65"
"68","Machamp","Machop","FALSE",,"98",,,,"15/15/15",,,,"50",,,,"3455",,,,"Karate Chop*, Cross Chop, Stone Edge*",,,"66;67;68","68"
"68","Machamp (Shadow)","Machop","TRUE",,"85",,,,"15/15/15",,,,"50",,,,"3455",,,,"Karate Chop*, Cross Chop, Stone Edge*",,,"66;67;68","68"
"73","Tentacruel","Tentacool","FALSE",,"141",,,,"15/15/15",,,,"50",,,,"2738",,,,"Poison Jab, Scald, Blizzard",,,"72;73","73"
"73","Tentacruel (Shadow)","Tentacool","TRUE",,"164",,,,"15/15/15",,,,"50",,,,"2738",,,,"Poison Jab, Scald, Blizzard",,,"72;73","73"
"76","Golem","Geodude","FALSE",,"257",,,,"15/15/15",,,,"50",,,,"3334",,,,"Mud Shot, Stone Edge, Rock Blast",,,"74;75;76","76"
"76","Golem (Alolan)","Geodude","FALSE",,"175",,,,"15/15/15",,,,"50",,,,"3334",,,,"Volt Switch, Wild Charge, Stone Edge",,,"74;75;76","76"
"76","Golem (Alolan) (Shadow)","Geodude","TRUE",,"187",,,,"15/15/15",,,,"50",,,,"3334",,,,"Volt Switch, Wild Charge, Stone Edge",,,"74;75;76","76"
"76","Golem (Shadow)","Geodude","TRUE",,"251",,,,"15/15/15",,,,"50",,,,"3334",,,,"Mud Shot, Stone Edge, Rock Blast",,,"74;75;76","76"
"80","Slowbro","Slowpoke","FALSE",,"185",,,,"15/15/15",,,,"50",,,,"2877",,,,"Confusion, Surf*, Ice Beam",,,"79;80","80"
"80","Slowbro (Shadow)","Slowpoke","TRUE",,"231",,,,"15/15/15",,,,"50",,,,"2877",,,,"Confusion, Surf*, Ice Beam",,,"79;80","80"
"89","Muk","Grimer","FALSE",,"128",,,,"15/15/15",,,,"50",,,,"3117",,,,"Poison Jab, Dark Pulse, Thunder Punch",,,"88;89","89"
"89","Muk (Alolan)","Grimer","FALSE",,"118",,,,"15/15/15",,,,"50",,,,"3117",,,,"Poison Jab, Dark Pulse, Sludge Wave",,,"88;89","89"
"89","Muk (Alolan) (Shadow)","Grimer","TRUE",,"144",,,,"15/15/15",,,,"50",,,,"3117",,,,"Poison Jab, Dark Pulse, Sludge Wave",,,"88;89","89"
"89","Muk (Shadow)","Grimer","TRUE",,"111",,,,"15/15/15",,,,"50",,,,"3117",,,,"Poison Jab, Dark Pulse, Thunder Punch",,,"88;89","89"
"103","Exeggutor","Exeggcute","FALSE",,"102",,,,"15/15/15",,,,"50",,,,"3408",,,,"Confusion, Seed Bomb, Psychic",,,"102;103","103"
"103","Exeggutor (Alolan)","Exeggcute","FALSE",,"155",,,,"15/15/15",,,,"50",,,,"3407",,,,"Dragon Tail, Seed Bomb, Draco Meteor*",,,"102;103","103"
"103","Exeggutor (Alolan) (Shadow)","Exeggcute","TRUE",,"204",,,,"15/15/15",,,,"50",,,,"3407",,,,"Dragon Tail, Seed Bomb, Draco Meteor*",,,"102;103","103"
"103","Exeggutor (Shadow)","Exeggcute","TRUE",,"238",,,,"15/15/15",,,,"50",,,,"3408",,,,"Bullet Seed, Seed Bomb, Psychic",,,"102;103","103"
"112","Rhydon","Rhyhorn","FALSE",,"252",,,,"15/15/15",,,,"50",,,,"3594",,,,"Mud Slap, Breaking Swipe, Stone Edge",,,"111;112;464","112;464"
"112","Rhydon (Shadow)","Rhyhorn","TRUE",,"250",,,,"15/15/15",,,,"50",,,,"3594",,,,"Mud Slap, Breaking Swipe, Stone Edge",,,"111;112;464","112;464"
"115","Kangaskhan","Kangaskhan","FALSE",,"230",,,,"15/15/15",,,,"50",,,,"2924",,,,"Mud Slap, Crunch, Stomp*",,,"115","115"
"127","Pinsir","Pinsir","FALSE",,"168",,,,"15/15/15",,,,"50",,,,"3345",,,,"Fury Cutter, Close Combat, X-Scissor",,,"127","127"
"127","Pinsir (Shadow)","Pinsir","TRUE",,"161",,,,"15/15/15",,,,"50",,,,"3345",,,,"Fury Cutter, Close Combat, X-Scissor",,,"127","127"
"128","Tauros (Aqua)","Tauros","FALSE",,"125",,,,"15/15/15",,,,"50",,,,"3207",,,,"Double Kick, Aqua Jet, Trailblaze",,,"128","128"
"128","Tauros (Blaze)","Tauros","FALSE",,"197",,,,"15/15/15",,,,"50",,,,"3207",,,,"Double Kick, Trailblaze, Flame Charge",,,"128","128"
"128","Tauros (Combat)","Tauros","FALSE",,"201",,,,"15/15/15",,,,"50",,,,"3207",,,,"Double Kick, Close Combat, Trailblaze",,,"128","128"
"130","Gyarados","Magikarp","FALSE",,"9",,,,"15/15/15",,,,"50",,,,"3834",,,,"Dragon Breath, Aqua Tail*, Crunch",,,"129;130","130"
"130","Gyarados (Shadow)","Magikarp","TRUE",,"10",,,,"15/15/15",,,,"50",,,,"3834",,,,"Dragon Breath, Aqua Tail*, Crunch",,,"129;130","130"
"131","Lapras","Lapras","FALSE",,"44",,,,"15/15/15",,,,"50",,,,"2985",,,,"Psywave, Sparkling Aria, Ice Beam*",,,"131","131"
"131","Lapras (Shadow)","Lapras","TRUE",,"36",,,,"15/15/15",,,,"50",,,,"2985",,,,"Psywave, Sparkling Aria, Ice Beam*",,,"131","131"
"134","Vaporeon","Eevee","FALSE",,"53",,,,"15/15/15",,,,"50",,,,"3521",,,,"Water Gun, Aqua Tail, Last Resort*",,,"133;134","134"
"135","Jolteon","Eevee","FALSE",,"133",,,,"15/15/15",,,,"50",,,,"3265",,,,"Volt Switch, Discharge, Last Resort*",,,"133;135","135"
"136","Flareon","Eevee","FALSE",,"229",,,,"15/15/15",,,,"50",,,,"3424",,,,"Fire Spin, Superpower*, Flamethrower",,,"133;136","136"
"139","Omastar","Omanyte","FALSE",,"223",,,,"15/15/15",,,,"50",,,,"3150",,,,"Mud Shot, Rock Slide*, Rock Blast",,,"138;139","139"
"139","Omastar (Shadow)","Omanyte","TRUE",,"236",,,,"15/15/15",,,,"50",,,,"3150",,,,"Mud Shot, Rock Slide*, Rock Blast",,,"138;139","139"
"142","Aerodactyl","Aerodactyl","FALSE",,"211",,,,"15/15/15",,,,"50",,,,"3147",,,,"Dragon Breath, Rock Slide, Earth Power",,,"142","142"
"142","Aerodactyl (Shadow)","Aerodactyl","TRUE",,"203",,,,"15/15/15",,,,"50",,,,"3147",,,,"Dragon Breath, Rock Slide, Earth Power",,,"142","142"
"143","Snorlax","Snorlax","FALSE",,"62",,,,"15/15/15",,,,"50",,,,"3647",,,,"Lick, Body Slam, Superpower",,,"143;446","143;446"
"143","Snorlax (Shadow)","Snorlax","TRUE",,"38",,,,"15/15/15",,,,"50",,,,"3647",,,,"Lick, Body Slam, Superpower",,,"143;446","143;446"
"149","Dragonite","Dratini","FALSE",,"8",,,,"15/15/15",,,,"50",,,,"4287",,,,"Dragon Breath, Thunder Punch, Superpower",,,"147;148;149","149"
"149","Dragonite (Shadow)","Dratini","TRUE",,"16",,,,"15/15/15",,,,"50",,,,"4287",,,,"Dragon Breath, Thunder Punch, Superpower",,,"147;148;149","149"
"157","Typhlosion","Cyndaquil","FALSE",,"124",,,,"15/15/15",,,,"50",,,,"3266",,,,"Incinerate, Blast Burn*, Thunder Punch",,,"155;156;157","157"
"157","Typhlosion (Hisuian)","Cyndaquil","FALSE",,"112",,,,"15/15/15",,,,"50",,,,"3385",,,,"Hex, Shadow Ball, Fire Punch",,,"155;156;157","157"
"157","Typhlosion (Shadow)","Cyndaquil","TRUE",,"130",,,,"15/15/15",,,,"50",,,,"3266",,,,"Incinerate, Blast Burn*, Thunder Punch",,,"155;156;157","157"
"160","Feraligatr","Totodile","FALSE",,"19",,,,"15/15/15",,,,"50",,,,"3230",,,,"Shadow Claw, Hydro Cannon*, Ice Beam",,,"158;159;160","160"
"160","Feraligatr (Shadow)","Totodile","TRUE",,"29",,,,"15/15/15",,,,"50",,,,"3230",,,,"Shadow Claw, Hydro Cannon*, Ice Beam",,,"158;159;160","160"
"169","Crobat","Zubat","FALSE",,"224",,,,"15/15/15",,,,"50",,,,"2992",,,,"Air Slash, Cross Poison, Shadow Ball",,,"41;42;169","169"
"169","Crobat (Shadow)","Zubat","TRUE",,"232",,,,"15/15/15",,,,"50",,,,"2992",,,,"Air Slash, Cross Poison, Shadow Ball",,,"41;42;169","169"
"181","Ampharos","Mareep","FALSE",,"77",,,,"15/15/15",,,,"50",,,,"3225",,,,"Volt Switch, Brutal Swing, Thunder Punch",,,"179;180;181","181"
"181","Ampharos (Shadow)","Mareep","TRUE",,"97",,,,"15/15/15",,,,"50",,,,"3225",,,,"Volt Switch, Brutal Swing, Thunder Punch",,,"179;180;181","181"
"196","Espeon","Eevee","FALSE",,"127",,,,"15/15/15",,,,"50",,,,"3583",,,,"Confusion, Psychic Fangs, Shadow Ball*",,,"133;196","196"
"197","Umbreon","Eevee","FALSE",,"266",,,,"15/15/15",,,,"50",,,,"2416",,,,"Snarl, Foul Play, Last Resort*",,,"133;197","197"
"199","Slowking","Slowpoke","FALSE",,"195",,,,"15/15/15",,,,"50",,,,"2877",,,,"Confusion, Surf*, Scald",,,"79;199","199"
"199","Slowking (Galarian)","Slowpoke","FALSE",,"192",,,,"15/15/15",,,,"50",,,,"3072",,,,"Hex, Surf*, Shadow Ball",,,"79;199","199"
"199","Slowking (Shadow)","Slowpoke","TRUE",,"240",,,,"15/15/15",,,,"50",,,,"2877",,,,"Confusion, Surf*, Scald",,,"79;199","199"
"208","Steelix","Onix","FALSE",,"267",,,,"15/15/15",,,,"50",,,,"2729",,,,"Dragon Tail, Breaking Swipe, Crunch",,,"95;208","208"
"208","Steelix (Shadow)","Onix","TRUE",,"270",,,,"15/15/15",,,,"50",,,,"2729",,,,"Dragon Tail, Breaking Swipe, Crunch",,,"95;208","208"
"212","Scizor","Scyther","FALSE",,"57",,,,"15/15/15",,,,"50",,,,"3393",,,,"Bullet Punch, Night Slash, Trailblaze",,,"123;212","212"
"212","Scizor (Shadow)","Scyther","TRUE",,"60",,,,"15/15/15",,,,"50",,,,"3393",,,,"Bullet Punch, Night Slash, Trailblaze",,,"123;212","212"
"214","Heracross","Heracross","FALSE",,"176",,,,"15/15/15",,,,"50",,,,"3506",,,,"Counter, Close Combat, Rock Blast",,,"214","214"
"217","Ursaring","Teddiursa","FALSE",,"119",,,,"15/15/15",,,,"50",,,,"3329",,,,"Shadow Claw, Close Combat, Trailblaze",,,"216;217;901","217;901"
"217","Ursaring (Shadow)","Teddiursa","TRUE",,"145",,,,"15/15/15",,,,"50",,,,"3329",,,,"Shadow Claw, Close Combat, Trailblaze",,,"216;217;901","217;901"
"230","Kingdra","Horsea","FALSE",,"122",,,,"15/15/15",,,,"50",,,,"2986",,,,"Dragon Breath, Surf, Swift",,,"116;117;230","230"
"230","Kingdra (Shadow)","Horsea","TRUE",,"142",,,,"15/15/15",,,,"50",,,,"2986",,,,"Dragon Breath, Outrage, Swift",,,"116;117;230","230"
"232","Donphan","Phanpy","FALSE",,"117",,,,"15/15/15",,,,"50",,,,"3407",,,,"Mud Slap, Body Slam, Trailblaze",,,"231;232","232"
"232","Donphan (Shadow)","Phanpy","TRUE",,"107",,,,"15/15/15",,,,"50",,,,"3407",,,,"Mud Slap, Body Slam, Trailblaze",,,"231;232","232"
"233","Porygon2","Porygon","FALSE",,"239",,,,"15/15/15",,,,"50",,,,"3065",,,,"Lock On, Tri Attack, Return<sup>†</sup>",,,"137;233;474","233;474"
"233","Porygon2 (Shadow)","Porygon","TRUE",,"248",,,,"15/15/15",,,,"50",,,,"3065",,,,"Lock On, Tri Attack, Zap Cannon",,,"137;233;474","233;474"
"241","Miltank","Miltank","FALSE",,"217",,,,"15/15/15",,,,"50",,,,"2662",,,,"Rollout, Body Slam, Ice Beam",,,"241","241"
"242","Blissey","Chansey","FALSE",,"241",,,,"15/15/15",,,,"50",,,,"3117",,,,"Zen Headbutt, Wild Charge*, Hyper Beam",,,"113;242;440","242;440"
"248","Tyranitar","Larvitar","FALSE",,"55",,,,"15/15/15",,,,"50",,,,"4335",,,,"Dragon Breath, Brutal Swing, Stone Edge",,,"246;247;248","248"
"248","Tyranitar (Shadow)","Larvitar","TRUE",,"67",,,,"15/15/15",,,,"50",,,,"4335",,,,"Dragon Breath, Brutal Swing, Stone Edge",,,"246;247;248","248"
"260","Swampert","Mudkip","FALSE",,"26",,,,"15/15/15",,,,"50",,,,"3362",,,,"Mud Shot, Hydro Cannon*, Earthquake",,,"258;259;260","260"
"260","Swampert (Shadow)","Mudkip","TRUE",,"45",,,,"15/15/15",,,,"50",,,,"3362",,,,"Mud Shot, Hydro Cannon*, Earthquake",,,"258;259;260","260"
"282","Gardevoir","Ralts","FALSE",,"147",,,,"15/15/15",,,,"50",,,,"3497",,,,"Charm, Triple Axel, Shadow Ball",,,"280;281;282","282"
"282","Gardevoir (Shadow)","Ralts","TRUE",,"199",,,,"15/15/15",,,,"50",,,,"3497",,,,"Charm, Triple Axel, Shadow Ball",,,"280;281;282","282"
"289","Slaking","Slakoth","FALSE",,"265",,,,"15/15/15",,,,"50",,,,"5010",,,,"Yawn, Body Slam*, Earthquake",,,"287;288;289","289"
"289","Slaking (Shadow)","Slakoth","TRUE",,"264",,,,"15/15/15",,,,"50",,,,"5010",,,,"Yawn, Body Slam*, Earthquake",,,"287;288;289","289"
"297","Hariyama","Makuhita","FALSE",,"233",,,,"15/15/15",,,,"50",,,,"3198",,,,"Counter, Close Combat, Heavy Slam",,,"296;297","297"
"297","Hariyama (Shadow)","Makuhita","TRUE",,"221",,,,"15/15/15",,,,"50",,,,"3198",,,,"Counter, Close Combat, Superpower",,,"296;297","297"
"306","Aggron","Aron","FALSE",,"213",,,,"15/15/15",,,,"50",,,,"3391",,,,"Dragon Tail, Rock Tomb, Thunder",,,"304;305;306","306"
"306","Aggron (Shadow)","Aron","TRUE",,"218",,,,"15/15/15",,,,"50",,,,"3391",,,,"Dragon Tail, Rock Tomb, Thunder",,,"304;305;306","306"
"348","Armaldo","Anorith","FALSE",,"212",,,,"15/15/15",,,,"50",,,,"3220",,,,"Fury Cutter, Rock Blast, Liquidation",,,"347;348","348"
"348","Armaldo (Shadow)","Anorith","TRUE",,"210",,,,"15/15/15",,,,"50",,,,"3220",,,,"Fury Cutter, Rock Blast, Liquidation",,,"347;348","348"
"350","Milotic","Feebas","FALSE",,"79",,,,"15/15/15",,,,"50",,,,"3398",,,,"Dragon Tail, Surf, Blizzard",,,"349;350","350"
"350","Milotic (Shadow)","Feebas","TRUE",,"17",,,,"15/15/15",,,,"50",,,,"3398",,,,"Waterfall, Aqua Tail, Wrap",,,"349;350","350"
"365","Walrein","Spheal","FALSE",,"30",,,,"15/15/15",,,,"50",,,,"3081",,,,"Powder Snow*, Icicle Spear*, Earthquake",,,"363;364;365","365"
"365","Walrein (Shadow)","Spheal","TRUE",,"49",,,,"15/15/15",,,,"50",,,,"3081",,,,"Powder Snow*, Icicle Spear*, Earthquake",,,"363;364;365","365"
"369","Relicanth","Relicanth","FALSE",,"205",,,,"15/15/15",,,,"50",,,,"2858",,,,"Water Gun, Aqua Tail, Ancient Power",,,"369","369"
"373","Salamence","Bagon","FALSE",,"28",,,,"15/15/15",,,,"50",,,,"4239",,,,"Dragon Tail, Brutal Swing, Fly",,,"371;372;373","373"
"373","Salamence (Shadow)","Bagon","TRUE",,"24",,,,"15/15/15",,,,"50",,,,"4239",,,,"Dragon Tail, Brutal Swing, Fly",,,"371;372;373","373"
"376","Metagross","Beldum","FALSE",,"1",,,,"15/15/15",,,,"50",,,,"4286",,,,"Shadow Claw*, Meteor Mash*, Earthquake",,,"374;375;376","376"
"376","Metagross (Shadow)","Beldum","TRUE",,"2",,,,"15/15/15",,,,"50",,,,"4286",,,,"Shadow Claw*, Meteor Mash*, Earthquake",,,"374;375;376","376"
"389","Torterra","Turtwig","FALSE",,"50",,,,"15/15/15",,,,"50",,,,"3318",,,,"Mud Slap, Frenzy Plant*, Stone Edge",,,"387;388;389","389"
"389","Torterra (Shadow)","Turtwig","TRUE",,"96",,,,"15/15/15",,,,"50",,,,"3318",,,,"Mud Slap, Frenzy Plant*, Sand Tomb",,,"387;388;389","389"
"395","Empoleon","Piplup","FALSE",,"27",,,,"15/15/15",,,,"50",,,,"3279",,,,"Metal Sound, Hydro Cannon*, Drill Peck",,,"393;394;395","395"
"395","Empoleon (Shadow)","Piplup","TRUE",,"20",,,,"15/15/15",,,,"50",,,,"3279",,,,"Metal Sound, Hydro Cannon*, Drill Peck",,,"393;394;395","395"
"405","Luxray","Shinx","FALSE",,"200",,,,"15/15/15",,,,"50",,,,"3265",,,,"Spark, Wild Charge, Crunch",,,"403;404;405","405"
"405","Luxray (Shadow)","Shinx","TRUE",,"235",,,,"15/15/15",,,,"50",,,,"3265",,,,"Spark, Wild Charge, Crunch",,,"403;404;405","405"
"407","Roserade","Roselia","FALSE",,"32",,,,"15/15/15",,,,"50",,,,"3359",,,,"Poison Sting, Weather Ball (Fire)*, Leaf Storm",,,"315;406;407","406;407"
"409","Rampardos","Cranidos","FALSE",,"268",,,,"15/15/15",,,,"50",,,,"3728",,,,"Smack Down, Rock Slide, Flamethrower",,,"408;409","409"
"409","Rampardos (Shadow)","Cranidos","TRUE",,"263",,,,"15/15/15",,,,"50",,,,"3728",,,,"Smack Down, Rock Slide, Flamethrower",,,"408;409","409"
"445","Garchomp","Gible","FALSE",,"23",,,,"15/15/15",,,,"50",,,,"4479",,,,"Mud Shot, Breaking Swipe, Earth Power*",,,"443;444;445","445"
"445","Garchomp (Shadow)","Gible","TRUE",,"31",,,,"15/15/15",,,,"50",,,,"4479",,,,"Dragon Tail, Breaking Swipe, Earth Power*",,,"443;444;445","445"
"450","Hippowdon","Hippopotas","FALSE",,"61",,,,"15/15/15",,,,"50",,,,"3488",,,,"Sand Attack, Weather Ball (Rock), Earth Power",,,"449;450","450"
"450","Hippowdon (Shadow)","Hippopotas","TRUE",,"41",,,,"15/15/15",,,,"50",,,,"3488",,,,"Sand Attack, Weather Ball (Rock), Earth Power",,,"449;450","450"
"461","Weavile","Sneasel","FALSE",,"225",,,,"15/15/15",,,,"50",,,,"3397",,,,"Snarl, Avalanche, Focus Blast",,,"215;461","461"
"461","Weavile (Shadow)","Sneasel","TRUE",,"214",,,,"15/15/15",,,,"50",,,,"3397",,,,"Snarl, Avalanche, Focus Blast",,,"215;461","461"
"462","Magnezone","Magnemite","FALSE",,"42",,,,"15/15/15",,,,"50",,,,"3623",,,,"Volt Switch, Wild Charge, Mirror Shot",,,"81;82;462","462"
"462","Magnezone (Shadow)","Magnemite","TRUE",,"39",,,,"15/15/15",,,,"50",,,,"3623",,,,"Volt Switch, Wild Charge, Mirror Shot",,,"81;82;462","462"
"463","Lickilicky","Lickitung","FALSE",,"206",,,,"15/15/15",,,,"50",,,,"2789",,,,"Lick, Body Slam*, Shadow Ball",,,"108;463","463"
"464","Rhyperior","Rhyhorn","FALSE",,"37",,,,"15/15/15",,,,"50",,,,"4221",,,,"Mud Slap, Drill Run, Rock Wrecker*",,,"111;112;464","464"
"464","Rhyperior (Shadow)","Rhyhorn","TRUE",,"94",,,,"15/15/15",,,,"50",,,,"4221",,,,"Mud Slap, Drill Run, Rock Wrecker*",,,"111;112;464","464"
"465","Tangrowth","Tangela","FALSE",,"52",,,,"15/15/15",,,,"50",,,,"3425",,,,"Vine Whip, Power Whip, Rock Slide",,,"114;465","465"
"465","Tangrowth (Shadow)","Tangela","TRUE",,"81",,,,"15/15/15",,,,"50",,,,"3425",,,,"Vine Whip, Power Whip, Rock Slide",,,"114;465","465"
"466","Electivire","Electabuzz","FALSE",,"59",,,,"15/15/15",,,,"50",,,,"3481",,,,"Thunder Shock, Wild Charge, Ice Punch",,,"125;239;466","239;466"
"466","Electivire (Shadow)","Electabuzz","TRUE",,"64",,,,"15/15/15",,,,"50",,,,"3481",,,,"Thunder Shock, Wild Charge, Ice Punch",,,"125;239;466","239;466"
"467","Magmortar","Magmar","FALSE",,"179",,,,"15/15/15",,,,"50",,,,"3541",,,,"Fire Spin, Fire Punch, Thunderbolt*",,,"126;240;467","240;467"
"467","Magmortar (Shadow)","Magmar","TRUE",,"153",,,,"15/15/15",,,,"50",,,,"3541",,,,"Karate Chop, Fire Punch, Thunderbolt*",,,"126;240;467","240;467"
"468","Togekiss","Togepi","FALSE",,"6",,,,"15/15/15",,,,"50",,,,"3767",,,,"Peck, Dazzling Gleam, Aura Sphere*",,,"175;176;468","468"
"469","Yanmega","Yanma","FALSE",,"243",,,,"15/15/15",,,,"50",,,,"3330",,,,"Wing Attack, Aerial Ace, Ancient Power",,,"193;469","469"
"470","Leafeon","Leafeon","FALSE",,"109",,,,"15/15/15",,,,"50",,,,"3328",,,,"Quick Attack, Leaf Blade, Last Resort*",,,"133;470","470"
"471","Glaceon","Glaceon","FALSE",,"148",,,,"15/15/15",,,,"50",,,,"3535",,,,"Ice Shard, Avalanche, Icy Wind",,,"133;471","471"
"472","Gliscor","Gligar","FALSE",,"160",,,,"15/15/15",,,,"50",,,,"3043",,,,"Wing Attack, Night Slash, Earthquake",,,"207;472","472"
"472","Gliscor (Shadow)","Gligar","TRUE",,"209",,,,"15/15/15",,,,"50",,,,"3043",,,,"Wing Attack, Night Slash, Aerial Ace",,,"207;472","472"
"473","Mamoswine","Swinub","FALSE",,"54",,,,"15/15/15",,,,"50",,,,"3763",,,,"Powder Snow, Icicle Spear, High Horsepower",,,"220;221;473","473"
"473","Mamoswine (Shadow)","Swinub","TRUE",,"46",,,,"15/15/15",,,,"50",,,,"3763",,,,"Powder Snow, Icicle Spear, High Horsepower",,,"220;221;473","473"
"474","Porygon-Z","Porygon","FALSE",,"189",,,,"15/15/15",,,,"50",,,,"3693",,,,"Lock On, Tri Attack*, Blizzard",,,"137;233;474","474"
"474","Porygon-Z (Shadow)","Porygon","TRUE",,"246",,,,"15/15/15",,,,"50",,,,"3693",,,,"Lock On, Tri Attack*, Blizzard",,,"137;233;474","474"
"475","Gallade","Gallade","FALSE",,"95",,,,"15/15/15",,,,"50",,,,"3497",,,,"Confusion, Close Combat, Leaf Blade",,,"280;281;475","475"
"475","Gallade (Shadow)","Gallade","TRUE",,"75",,,,"15/15/15",,,,"50",,,,"3497",,,,"Confusion, Close Combat, Leaf Blade",,,"280;281;475","475"
"500","Emboar","Tepig","FALSE",,"154",,,,"15/15/15",,,,"50",,,,"3372",,,,"Ember, Blast Burn*, Rock Slide",,,"498;499;500","500"
"500","Emboar (Shadow)","Tepig","TRUE",,"177",,,,"15/15/15",,,,"50",,,,"3372",,,,"Ember, Blast Burn*, Rock Slide",,,"498;499;500","500"
"503","Samurott","Oshawott","FALSE",,"74",,,,"15/15/15",,,,"50",,,,"3194",,,,"Fury Cutter, Hydro Cannon*, Megahorn",,,"501;502;503","503"
"503","Samurott (Hisuian)","Oshawott","FALSE",,"169",,,,"15/15/15",,,,"50",,,,"3167",,,,"Fury Cutter, Icy Wind, Sacred Sword",,,"501;502;503","503"
"503","Samurott (Shadow)","Oshawott","TRUE",,"108",,,,"15/15/15",,,,"50",,,,"3194",,,,"Fury Cutter, Hydro Cannon*, Razor Shell",,,"501;502;503","503"
"508","Stoutland","Lillipup","FALSE",,"146",,,,"15/15/15",,,,"50",,,,"3196",,,,"Sand Attack, Wild Charge, Crunch",,,"506;507;508","508"
"518","Musharna","Munna","FALSE",,"260",,,,"15/15/15",,,,"50",,,,"3079",,,,"Charge Beam, Psyshock, Dazzling Gleam",,,"517;518","518"
"526","Gigalith","Roggenrola","FALSE",,"86",,,,"15/15/15",,,,"50",,,,"3650",,,,"Lock On, Superpower, Meteor Beam*",,,"524;525;526","526"
"526","Gigalith (Shadow)","Roggenrola","TRUE",,"103",,,,"15/15/15",,,,"50",,,,"3650",,,,"Lock On, Meteor Beam*, Rock Slide",,,"524;525;526","526"
"530","Excadrill","Drilbur","FALSE",,"88",,,,"15/15/15",,,,"50",,,,"3667",,,,"Mud Slap, Drill Run, Rock Slide",,,"529;530","530"
"530","Excadrill (Shadow)","Drilbur","TRUE",,"93",,,,"15/15/15",,,,"50",,,,"3667",,,,"Mud Slap, Drill Run, Rock Slide",,,"529;530","530"
"534","Conkeldurr","Timburr","FALSE",,"72",,,,"15/15/15",,,,"50",,,,"3773",,,,"Force Palm, Brutal Swing*, Dynamic Punch",,,"532;533;534","534"
"534","Conkeldurr (Shadow)","Timburr","TRUE",,"63",,,,"15/15/15",,,,"50",,,,"3773",,,,"Force Palm, Dynamic Punch, Brutal Swing*",,,"532;533;534","534"
"537","Seismitoad","Tympole","FALSE",,"131",,,,"15/15/15",,,,"50",,,,"2899",,,,"Mud Shot, Earth Power, Icy Wind",,,"535;536;537","537"
"538","Throh","Throh","FALSE",,"170",,,,"15/15/15",,,,"50",,,,"2896",,,,"Low Kick, Body Slam, Brick Break",,,"538","538"
"538","Throh (Shadow)","Throh","TRUE",,"193",,,,"15/15/15",,,,"50",,,,"2896",,,,"Low Kick, Body Slam, Brick Break",,,"538","538"
"553","Krookodile","Sandile","FALSE",,"156",,,,"15/15/15",,,,"50",,,,"3444",,,,"Mud Slap, Crunch, Sand Tomb",,,"551;552;553","553"
"555","Darmanitan (Galarian)","Darumaka","FALSE",,"173",,,,"15/15/15",,,,"50",,,,"3511",,,,"Ice Fang, Avalanche, Superpower",,,"554;555","555"
"555","Darmanitan (Standard)","Darumaka","FALSE",,"158",,,,"15/15/15",,,,"50",,,,"3511",,,,"Incinerate, Rock Slide, Overheat",,,"554;555","555"
"555","Darmanitan (Standard) (Shadow)","Darumaka","TRUE",,"178",,,,"15/15/15",,,,"50",,,,"3511",,,,"Incinerate, Rock Slide, Overheat",,,"554;555","555"
"565","Carracosta","Tirtouga","FALSE",,"249",,,,"15/15/15",,,,"50",,,,"2964",,,,"Water Gun, Surf, Body Slam",,,"564;565","565"
"565","Carracosta (Shadow)","Tirtouga","TRUE",,"255",,,,"15/15/15",,,,"50",,,,"2964",,,,"Water Gun, Liquidation, Body Slam",,,"564;565","565"
"567","Archeops","Archen","FALSE",,"219",,,,"15/15/15",,,,"50",,,,"3766",,,,"Wing Attack, Dragon Claw, Ancient Power",,,"566;567","567"
"567","Archeops (Shadow)","Archen","TRUE",,"174",,,,"15/15/15",,,,"50",,,,"3766",,,,"Wing Attack, Ancient Power, Crunch",,,"566;567","567"
"579","Reuniclus","Solosis","FALSE",,"273",,,,"15/15/15",,,,"50",,,,"3309",,,,"Hidden Power (Ice), Shadow Ball, Future Sight",,,"577;578;579","579"
"579","Reuniclus (Shadow)","Solosis","TRUE",,"274",,,,"15/15/15",,,,"50",,,,"3309",,,,"Hidden Power (Ice), Shadow Ball, Future Sight",,,"577;578;579","579"
"584","Vanilluxe","Vanillite","FALSE",,"271",,,,"15/15/15",,,,"50",,,,"3190",,,,"Astonish, Blizzard, Signal Beam",,,"582;583;584","584"
"589","Escavalier","Karrablast","FALSE",,"198",,,,"15/15/15",,,,"50",,,,"3266",,,,"Counter, Drill Run, Megahorn",,,"588;589","589"
"589","Escavalier (Shadow)","Karrablast","TRUE",,"159",,,,"15/15/15",,,,"50",,,,"3266",,,,"Bug Bite, Drill Run, Megahorn",,,"588;589","589"
"601","Klinklang","Klink","FALSE",,"227",,,,"15/15/15",,,,"50",,,,"2981",,,,"Thunder Shock, Mirror Shot, Zap Cannon",,,"599;600;601","601"
"609","Chandelure","Litwick","FALSE",,"105",,,,"15/15/15",,,,"50",,,,"3695",,,,"Incinerate, Shadow Ball, Flame Charge",,,"607;608;609","609"
"609","Chandelure (Shadow)","Litwick","TRUE",,"140",,,,"15/15/15",,,,"50",,,,"3695",,,,"Incinerate, Shadow Ball, Flame Charge",,,"607;608;609","609"
"612","Haxorus","Axew","FALSE",,"184",,,,"15/15/15",,,,"50",,,,"4062",,,,"Counter, Breaking Swipe*, Night Slash",,,"610;611;612","612"
"612","Haxorus (Shadow)","Axew","TRUE",,"84",,,,"15/15/15",,,,"50",,,,"4062",,,,"Dragon Tail, Night Slash, Surf",,,"610;611;612","612"
"614","Beartic","Cubchoo","FALSE",,"99",,,,"15/15/15",,,,"50",,,,"3439",,,,"Powder Snow, Ice Punch, Surf",,,"613;614","614"
"615","Cryogonal","Cryogonal","FALSE",,"149",,,,"15/15/15",,,,"50",,,,"3163",,,,"Ice Shard, Triple Axel, Night Slash",,,"615","615"
"621","Druddigon","Druddigon","FALSE",,"242",,,,"15/15/15",,,,"50",,,,"3088",,,,"Dragon Tail, Dragon Claw, Night Slash",,,"621","621"
"623","Golurk","Golett","FALSE",,"151",,,,"15/15/15",,,,"50",,,,"3226",,,,"Mud Slap, Shadow Punch, Dynamic Punch",,,"622;623","623"
"623","Golurk (Shadow)","Golett","TRUE",,"132",,,,"15/15/15",,,,"50",,,,"3226",,,,"Mud Slap, Shadow Punch, Dynamic Punch",,,"622;623","623"
"625","Bisharp","Pawniard","FALSE",,"261",,,,"15/15/15",,,,"50",,,,"3215",,,,"Snarl, Dark Pulse, X-Scissor",,,"624;625;983","625;983"
"626","Bouffalant","Bouffalant","FALSE",,"220",,,,"15/15/15",,,,"50",,,,"3163",,,,"Mud Shot, Stomp, Megahorn",,,"626","626"
"628","Braviary","Rufflet","FALSE",,"253",,,,"15/15/15",,,,"50",,,,"3491",,,,"Steel Wing, Close Combat, Brave Bird",,,"627;628","628"
"628","Braviary (Hisuian)","Rufflet","FALSE",,"258",,,,"15/15/15",,,,"50",,,,"3181",,,,"Air Slash, Brave Bird, Fly",,,"627;628","628"
"635","Hydreigon","Deino","FALSE",,"21",,,,"15/15/15",,,,"50",,,,"4098",,,,"Dragon Breath, Brutal Swing*, Fly",,,"633;634;635","635"
"635","Hydreigon (Shadow)","Deino","TRUE",,"12",,,,"15/15/15",,,,"50",,,,"4098",,,,"Dragon Breath, Brutal Swing*, Fly",,,"633;634;635","635"
"637","Volcarona","Larvesta","FALSE",,"171",,,,"15/15/15",,,,"50",,,,"4106",,,,"Fire Spin, Overheat, Bug Buzz",,,"636;637","637"
"652","Chesnaught","Chespin","FALSE",,"69",,,,"15/15/15",,,,"50",,,,"3340",,,,"Vine Whip, Frenzy Plant*, Superpower",,,"650;651;652","652"
"652","Chesnaught (Shadow)","Chespin","TRUE",,"71",,,,"15/15/15",,,,"50",,,,"3340",,,,"Vine Whip, Frenzy Plant*, Superpower",,,"650;651;652","652"
"655","Delphox","Fennekin","FALSE",,"150",,,,"15/15/15",,,,"50",,,,"3459",,,,"Fire Spin, Blast Burn*, Psyshock",,,"653;654;655","655"
"655","Delphox (Shadow)","Fennekin","TRUE",,"135",,,,"15/15/15",,,,"50",,,,"3459",,,,"Fire Spin, Psyshock, Blast Burn*",,,"653;654;655","655"
"668","Pyroar","Litleo","FALSE",,"228",,,,"15/15/15",,,,"50",,,,"3129",,,,"Incinerate, Flame Charge, Dark Pulse",,,"667;668","668"
"671","Florges","Flabebe","FALSE",,"3",,,,"15/15/15",,,,"50",,,,"3657",,,,"Fairy Wind, Chilling Water*, Moonblast",,,"669;670;671","671"
"673","Gogoat","Skiddo","FALSE",,"43",,,,"15/15/15",,,,"50",,,,"3163",,,,"Vine Whip, Leaf Blade, Brick Break",,,"672;673","673"
"675","Pangoro","Pancham","FALSE",,"196",,,,"15/15/15",,,,"50",,,,"3281",,,,"Snarl, Close Combat, Night Slash",,,"674;675","675"
"689","Barbaracle","Binacle","FALSE",,"172",,,,"15/15/15",,,,"50",,,,"3025",,,,"Fury Cutter, Cross Chop, Stone Edge",,,"688;689","689"
"697","Tyrantrum","Tyrunt","FALSE",,"190",,,,"15/15/15",,,,"50",,,,"3537",,,,"Dragon Tail, Rock Tomb, Crunch",,,"696;697","697"
"697","Tyrantrum (Shadow)","Tyrunt","TRUE",,"216",,,,"15/15/15",,,,"50",,,,"3537",,,,"Dragon Tail, Meteor Beam, Rock Tomb",,,"696;697","697"
"699","Aurorus","Amaura","FALSE",,"120",,,,"15/15/15",,,,"50",,,,"3168",,,,"Powder Snow, Weather Ball (Ice), Thunderbolt",,,"698;699","699"
"699","Aurorus (Shadow)","Amaura","TRUE",,"87",,,,"15/15/15",,,,"50",,,,"3168",,,,"Powder Snow, Weather Ball (Ice), Meteor Beam",,,"698;699","699"
"700","Sylveon","Eevee","FALSE",,"11",,,,"15/15/15",,,,"50",,,,"3470",,,,"Fairy Wind, Moonblast, Shadow Ball",,,"133;700","700"
"706","Goodra","Goomy","FALSE",,"7",,,,"15/15/15",,,,"50",,,,"3963",,,,"Dragon Breath, Aqua Tail, Thunder Punch*",,,"704;705;706","706"
"711","Gourgeist (Large)","Pumpkaboo","FALSE",,"89",,,,"15/15/15",,,,"50",,,,"2850",,,,"Incinerate, Shadow Ball, Seed Bomb",,,"710;711","711"
"711","Gourgeist (Super)","Pumpkaboo","FALSE",,"76",,,,"15/15/15",,,,"50",,,,"2976",,,,"Incinerate, Shadow Ball, Seed Bomb",,,"710;711","711"
"713","Avalugg","Bergmite","FALSE",,"35",,,,"15/15/15",,,,"50",,,,"3615",,,,"Ice Fang, Avalanche, Body Slam",,,"712;713","713"
"713","Avalugg (Hisuian)","Bergmite","FALSE",,"51",,,,"15/15/15",,,,"50",,,,"3909",,,,"Powder Snow, Rock Slide, Icy Wind",,,"712;713","713"
"715","Noivern","Noibat","FALSE",,"272",,,,"15/15/15",,,,"50",,,,"3125",,,,"Air Slash, Hurricane, Draco Meteor",,,"714;715","715"
"715","Noivern (Shadow)","Noibat","TRUE",,"269",,,,"15/15/15",,,,"50",,,,"3125",,,,"Air Slash, Hurricane, Heat Wave",,,"714;715","715"
"724","Decidueye","Rowlet","FALSE",,"73",,,,"15/15/15",,,,"50",,,,"3137",,,,"Astonish, Frenzy Plant*, Spirit Shackle",,,"722;723;724","724"
"724","Decidueye (Hisuian)","Rowlet","FALSE",,"78",,,,"15/15/15",,,,"50",,,,"3275",,,,"Psycho Cut, Aura Sphere, Trailblaze",,,"722;723;724","724"
"727","Incineroar","Litten","FALSE",,"167",,,,"15/15/15",,,,"50",,,,"3387",,,,"Fire Fang, Brutal Swing, Blast Burn*",,,"725;726;727","727"
"730","Primarina","Popplio","FALSE",,"4",,,,"15/15/15",,,,"50",,,,"3618",,,,"Waterfall, Disarming Voice, Hydro Cannon*",,,"728;729;730","730"
"738","Vikavolt","Grubbin","FALSE",,"92",,,,"15/15/15",,,,"50",,,,"3524",,,,"Volt Switch*, X-Scissor, Fly",,,"736;737;738","738"
"738","Vikavolt (Shadow)","Grubbin","TRUE",,"82",,,,"15/15/15",,,,"50",,,,"3524",,,,"Volt Switch*, Discharge, X-Scissor",,,"736;737;738","738"
"740","Crabominable","Crabrawler","FALSE",,"247",,,,"15/15/15",,,,"50",,,,"3286",,,,"Bubble, Ice Punch, Brick Break",,,"739;740","740"
"750","Mudsdale","Mudbray","FALSE",,"121",,,,"15/15/15",,,,"50",,,,"3443",,,,"Mud Slap, Body Slam, Earthquake",,,"749;750","750"
"760","Bewear","Stufful","FALSE",,"138",,,,"15/15/15",,,,"50",,,,"3524",,,,"Shadow Claw, Superpower, Payback",,,"759;760","760"
"760","Bewear (Shadow)","Stufful","TRUE",,"101",,,,"15/15/15",,,,"50",,,,"3524",,,,"Shadow Claw, Superpower, Stomp",,,"759;760","760"
"763","Tsareena","Bounsweet","FALSE",,"123",,,,"15/15/15",,,,"50",,,,"3351",,,,"Magical Leaf, Triple Axel, Grass Knot",,,"761;762;763","763"
"765","Oranguru","Oranguru","FALSE",,"191",,,,"15/15/15",,,,"50",,,,"2770",,,,"Confusion, Foul Play, Future Sight",,,"765","765"
"766","Passimian","Passimian","FALSE",,"194",,,,"15/15/15",,,,"50",,,,"3429",,,,"Counter, Close Combat, Superpower",,,"766","766"
"768","Golisopod","Wimpod","FALSE",,"15",,,,"15/15/15",,,,"50",,,,"3575",,,,"Fury Cutter, Aqua Jet, X-Scissor",,,"767;768","768"
"780","Drampa","Drampa","FALSE",,"186",,,,"15/15/15",,,,"50",,,,"3294",,,,"Dragon Breath, Fly, Outrage",,,"780","780"
"781","Dhelmise","Dhelmise","FALSE",,"65",,,,"15/15/15",,,,"50",,,,"3335",,,,"Shadow Claw, Shadow Ball, Power Whip",,,"781","781"
"784","Kommo-o","Jangmo-o","FALSE",,"47",,,,"15/15/15",,,,"50",,,,"3741",,,,"Dragon Tail, Upper Hand, Clanging Scales*",,,"782;783;784","784"
"812","Rillaboom","Grookey","FALSE",,"66",,,,"15/15/15",,,,"50",,,,"3758",,,,"Razor Leaf, Drum Beating, Earth Power",,,"810;811;812","812"
"815","Cinderace","Scorbunny","FALSE",,"165",,,,"15/15/15",,,,"50",,,,"3412",,,,"Fire Spin, Pyro Ball, Blast Burn*",,,"813;814;815","815"
"823","Corviknight","Rookidee","FALSE",,"136",,,,"15/15/15",,,,"50",,,,"2777",,,,"Sand Attack, Air Cutter*, Iron Head*",,,"821;822;823","823"
"823","Corviknight (Shadow)","Rookidee","TRUE",,"143",,,,"15/15/15",,,,"50",,,,"2777",,,,"Sand Attack, Air Cutter*, Iron Head*",,,"821;822;823","823"
"839","Coalossal","Rolycoly","FALSE",,"256",,,,"15/15/15",,,,"50",,,,"2659",,,,"Fire Spin, Rock Slide, Flame Charge",,,"837;838;839","839"
"844","Sandaconda","Silicobra","FALSE",,"152",,,,"15/15/15",,,,"50",,,,"3155",,,,"Mud Slap, Earth Power, Wrap",,,"843;844","844"
"851","Centiskorch","Sizzlipede","FALSE",,"157",,,,"15/15/15",,,,"50",,,,"3381",,,,"Ember, Heat Wave, Lunge",,,"850;851","851"
"855","Polteageist","Sinistea","FALSE",,"166",,,,"15/15/15",,,,"50",,,,"3458",,,,"Hex, Shadow Ball, Dark Pulse",,,"854;855","855"
"861","Grimmsnarl","Impidimp","FALSE",,"115",,,,"15/15/15",,,,"50",,,,"3222",,,,"Sucker Punch, Foul Play, Play Rough",,,"859;860;861","861"
"862","Obstagoon","Zigzagoon","FALSE",,"245",,,,"15/15/15",,,,"50",,,,"2999",,,,"Counter, Night Slash, Obstruct*",,,"263&galar;264&galar;862","862"
"862","Obstagoon (Shadow)","Zigzagoon","TRUE",,"244",,,,"15/15/15",,,,"50",,,,"2999",,,,"Counter, Night Slash, Cross Chop",,,"263&galar;264&galar;862","862"
"864","Cursola","Corsola","FALSE",,"137",,,,"15/15/15",,,,"50",,,,"3463",,,,"Astonish, Night Shade, Power Gem",,,"222&galar;864","864"
"865","Sirfetch'd","Farfetchd","FALSE",,"162",,,,"15/15/15",,,,"50",,,,"3375",,,,"Counter, Close Combat, Leaf Blade",,,"83&galar;865","865"
"866","Mr. Rime","Mr-mime","FALSE",,"180",,,,"15/15/15",,,,"50",,,,"3196",,,,"Ice Shard, Triple Axel, Ice Punch",,,"122;439;866","439;866"
"874","Stonjourner","Stonjourner","FALSE",,"202",,,,"15/15/15",,,,"50",,,,"3638",,,,"Rock Throw, Rock Slide, Stomp",,,"874","874"
"884","Duraludon","Duraludon","FALSE",,"163",,,,"15/15/15",,,,"50",,,,"3468",,,,"Dragon Tail, Dragon Claw, Flash Cannon",,,"884;1018","884;1018"
"887","Dragapult","Dreepy","FALSE",,"56",,,,"15/15/15",,,,"50",,,,"3993",,,,"Astonish, Shadow Ball, Outrage",,,"885;886;887","887"
"899","Wyrdeer","Stantler","FALSE",,"207",,,,"15/15/15",,,,"50",,,,"3089",,,,"Confusion, Wild Charge, Stomp",,,"234;899","899"
"900","Kleavor","Kleavor","FALSE",,"188",,,,"15/15/15",,,,"50",,,,"3557",,,,"Quick Attack, X-Scissor, Stone Edge",,,"123;900","900"
"901","Ursaluna","Teddiursa","FALSE",,"48",,,,"15/15/15",,,,"50",,,,"4358",,,,"Tackle, Swift, High Horsepower*",,,"216;217;901","901"
"901","Ursaluna (Shadow)","Teddiursa","TRUE",,"40",,,,"15/15/15",,,,"50",,,,"4358",,,,"Tackle, Swift, High Horsepower*",,,"216;217;901","901"
"903","Sneasler","Sneasel","FALSE",,"110",,,,"15/15/15",,,,"50",,,,"3643",,,,"Shadow Claw, Close Combat, Aerial Ace",,,"215&hisui;903","903"
"903","Sneasler (Shadow)","Sneasel","TRUE",,"116",,,,"15/15/15",,,,"50",,,,"3643",,,,"Shadow Claw, Close Combat, Aerial Ace",,,"215&hisui;903","903"
"904","Overqwil","Qwilfish","FALSE",,"91",,,,"15/15/15",,,,"50",,,,"3330",,,,"Poison Jab, Aqua Tail, Shadow Ball",,,"211&hisui;904","904"
"911","Skeledirge","Fuecoco","FALSE",,"68",,,,"15/15/15",,,,"50",,,,"3422",,,,"Incinerate, Shadow Ball, Torch Song",,,"909;910;911","911"
"914","Quaquaval","Quaxly","FALSE",,"134",,,,"15/15/15",,,,"50",,,,"3411",,,,"Low Kick, Close Combat, Aqua Jet",,,"912;913;914","914"
"916","Oinkologne","Lechonk","FALSE",,"234",,,,"15/15/15",,,,"50",,,,"2949",,,,"Tackle, Body Slam, Dig",,,"915;916","916"
"916","Oinkologne (Female)","Lechonk","FALSE",,"222",,,,"15/15/15",,,,"50",,,,"2819",,,,"Tackle, Body Slam, Dig",,,"915;916","916"
"930","Arboliva","Smoliv","FALSE",,"106",,,,"15/15/15",,,,"50",,,,"3345",,,,"Magical Leaf, Earth Power, Trailblaze",,,"928;929;930","930"
"934","Garganacl","Nacli","FALSE",,"182",,,,"15/15/15",,,,"50",,,,"3065",,,,"Mud Shot, Rock Tomb, Rock Blast",,,"932;933;934","934"
"936","Armarouge","Armarouge","FALSE",,"83",,,,"15/15/15",,,,"50",,,,"3628",,,,"Incinerate, Psyshock, Flame Charge",,,"935;936","936"
"937","Ceruledge","Ceruledge","FALSE",,"90",,,,"15/15/15",,,,"50",,,,"3586",,,,"Incinerate, Shadow Ball, Flame Charge",,,"935;937","937"
"939","Bellibolt","Tadbulb","FALSE",,"113",,,,"15/15/15",,,,"50",,,,"3010",,,,"Thunder Shock, Discharge, Zap Cannon",,,"938;939","939"
"949","Toedscruel","Toedscool","FALSE",,"181",,,,"15/15/15",,,,"50",,,,"2738",,,,"Mud Shot, Earth Power, Seed Bomb",,,"948;949","949"
"966","Revavroom","Varoom","FALSE",,"104",,,,"15/15/15",,,,"50",,,,"3337",,,,"Poison Jab, Overheat, Gyro Ball",,,"965;966","966"
"970","Glimmora","Glimmet","FALSE",,"215",,,,"15/15/15",,,,"50",,,,"3700",,,,"Rock Throw, Meteor Beam, Power Gem",,,"969;970","970"
"975","Cetitan","Cetoddle","FALSE",,"22",,,,"15/15/15",,,,"50",,,,"3519",,,,"Powder Snow, Avalanche, Superpower",,,"974;975","975"
"977","Dondozo","Dondozo","FALSE",,"13",,,,"15/15/15",,,,"50",,,,"3388",,,,"Waterfall, Surf, Outrage",,,"977","977"
"979","Annihilape","Mankey","FALSE",,"18",,,,"15/15/15",,,,"50",,,,"3695",,,,"Low Kick, Rage Fist*, Close Combat",,,"56;57;979","979"
"979","Annihilape (Shadow)","Mankey","TRUE",,"33",,,,"15/15/15",,,,"50",,,,"3695",,,,"Counter, Rage Fist*, Ice Punch",,,"56;57;979","979"
"982","Dudunsparce","Dunsparce","FALSE",,"100",,,,"15/15/15",,,,"50",,,,"3097",,,,"Rollout, Body Slam, Drill Run",,,"206;982","982"
"983","Kingambit","Pawniard","FALSE",,"14",,,,"15/15/15",,,,"50",,,,"4086",,,,"Metal Sound, Foul Play, Iron Head",,,"624;625;983","983"
"998","Baxcalibur","Frigibax","FALSE",,"34",,,,"15/15/15",,,,"50",,,,"4013",,,,"Dragon Breath, Avalanche, Dragon Claw",,,"996;997;998","998"
"1000","Gholdengo","Gimmighoul","FALSE",,"5",,,,"15/15/15",,,,"50",,,,"3976",,,,"Hex, Shadow Ball, Focus Blast",,,"999;1000","1000"
"1013","Sinistcha","Poltchageist","FALSE",,"70",,,,"15/15/15",,,,"50",,,,"3343",,,,"Astonish, Energy Ball, Shadow Ball",,,"1012;1013","1013"
"1019","Hydrapple","Applin","FALSE",,"80",,,,"15/15/15",,,,"50",,,,"3656",,,,"Dragon Tail, Seed Bomb, Outrage",,,"840;841;842;1011;1019","1019"
"1111","Select a Pokemon","Select a Pokemon","FALSE","","","","","","","","","","","","","","","","","","","","","1111","1111"
"1111","Select a Pokemon","Select a Pokemon","TRUE","","","","","","","","","","","","","","","","","","","","","1111","1111"
"1112","Select a Shadow Pokemon","Select a Shadow Pokemon","FALSE","","","","","","","","","","","","","","","","","","","","","1112","1112"
"1112","Select a Shadow Pokemon","Select a Shadow Pokemon","TRUE","","","","","","","","","","","","","","","","","","","","","1112","1112"
